{"bounds": [[19.35781816962237, -1.8855840388726284], [30.920019783572922, -1.8444494206361854], [30.745080676504273, -11.794380137634175], [19.38612386684007, -11.680564369147671], [19.35781816962237, -1.8855840388726284]], "obstacles": [], "path": [], "start": [24.55760009765625, -6.5452001953125, -0.976951539516449], "goal": [19.78393996181599, -5.13085444082837, 0.7404900746548426]}
